source_id,asset_id,name,symbol,peg_type,peg_mechanism,circulating_usd,circulating_prev_day_usd,circulating_prev_week_usd,circulating_prev_month_usd
DEFILLAMA_001,1,Tether,USDT,peggedUSD,fiat-backed,189727137238.51105,189686281594.35904,189520841421.5251,184620963993.73132
DEFILLAMA_001,2,USD Coin,USDC,peggedUSD,fiat-backed,76834456809.6387,77141573812.67415,78356574633.96542,78703243850.64075
DEFILLAMA_001,209,Sky Dollar,USDS,peggedUSD,crypto-backed,8681980656.119919,8700620557.059793,8625805867.111404,8551968067.453232
DEFILLAMA_001,5,Dai,DAI,peggedUSD,crypto-backed,4612652528.754735,4633604848.4645605,4638521602.59664,4621823965.645047
DEFILLAMA_001,262,World Liberty Financial USD,USD1,peggedUSD,fiat-backed,4449315819.288102,4434938251.463437,4561996268.760942,4096641349.6547165
DEFILLAMA_001,146,Ethena USDe,USDe,peggedUSD,crypto-backed,4039825478.8919687,3972253305.577391,3946751568.3112206,5829725334.147268
DEFILLAMA_001,120,PayPal USD,PYUSD,peggedUSD,fiat-backed,3469913780.407083,3455422348.5212173,3426275921.219417,4007316215.5066733
DEFILLAMA_001,286,Global Dollar,USDG,peggedUSD,fiat-backed,3304454412.2703857,3434929697.4130764,2470653264.714701,2050863863.074448
DEFILLAMA_001,237,Circle USYC,USYC,peggedUSD,fiat-backed,2978681756.896554,2978653132.815554,2991495319.746758,2671369167.1958256
DEFILLAMA_001,173,BlackRock USD,BUIDL,peggedUSD,fiat-backed,2842011124.570449,2945621753.9704494,2921538635.350449,3034123890.3604493
DEFILLAMA_001,129,Ondo US Dollar Yield,USDY,peggedUSD,fiat-backed,2137442892.1298127,2136945376.230798,2137018280.8029895,2140398503.562154
DEFILLAMA_001,246,Falcon USD,USDf,peggedUSD,crypto-backed,1616801104.9614673,1616388332.4567194,1621494611.3737764,1622122529.848227
DEFILLAMA_001,250,Ripple USD,RLUSD,peggedUSD,fiat-backed,1553330423.8632092,1553591930.740219,1534070993.9659872,1441583929.905613
DEFILLAMA_001,14,USDD,USDD,peggedUSD,crypto-backed,1472358587.2280815,1472701005.935876,1469126051.3155482,1524472483.9149427
DEFILLAMA_001,336,United Stables,U,peggedUSD,crypto-backed,1063277102.0536132,1048271196.9546999,1048271196.9546999,973241471.3813978
DEFILLAMA_001,221,Ethena USDtb,USDTB,peggedUSD,fiat-backed,870402619.9150864,684072226.5352917,684122995.1358427,939035017.6873846
DEFILLAMA_001,118,GHO,GHO,peggedUSD,crypto-backed,583622377.2254195,583622377.2254195,583622377.2254195,583622377.2254195
DEFILLAMA_001,195,Usual USD,USD0,peggedUSD,fiat-backed,556595032.2725621,556644512.8126508,557717337.621568,557894950.1325603
DEFILLAMA_001,272,YLDS,YLDS,peggedUSD,fiat-backed,527687911.76373905,529363927.68719375,530900387.3911389,577194684.4877706
DEFILLAMA_001,7,TrueUSD,TUSD,peggedUSD,fiat-backed,484262863.63749653,484262863.63749653,484262863.63749653,484262863.63749653
DEFILLAMA_001,119,First Digital USD,FDUSD,peggedUSD,fiat-backed,405861642.318695,409712665.2891829,403938375.6693699,400188466.9154092
DEFILLAMA_001,354,apxUSD,apxUSD,peggedUSD,crypto-backed,401273583.87936234,386395116.9858738,306836761.7553884,141268052.18381894
DEFILLAMA_001,310,Solstice USX,USX,peggedUSD,crypto-backed,378154026.9222859,378154026.9688091,378560170.3891626,361896511.7371155
DEFILLAMA_001,213,M by M0,M,peggedUSD,fiat-backed,298959762.954181,300425626.219646,284449471.663301,281503454.545905
DEFILLAMA_001,342,MegaUSD,USDM,peggedUSD,crypto-backed,277399387.8267235,323824265.80472356,551665590.0530534,63772990.05078067
DEFILLAMA_001,220,Avalon USDa,USDA,peggedUSD,crypto-backed,270844395.42131597,270844395.42131597,270844395.42131597,270844395.42131597
DEFILLAMA_001,110,crvUSD,crvUSD,peggedUSD,crypto-backed,269183522.2044,268381586.81325987,320769893.0515038,248783426.97285375
DEFILLAMA_001,309,USD.AI,USDai,peggedUSD,crypto-backed,265726126.9794585,254772289.19906953,248569508.64677298,298405401.4809566
DEFILLAMA_001,153,Binance Peg BUSD,BUSD,peggedUSD,crypto-backed,232638716.35511798,232638716.35511798,232638635.8620183,232637773.3744989
DEFILLAMA_001,347,USDGO,USDGO,peggedUSD,fiat-backed,209526760.46258688,209758198.6331004,177062187.3404617,67404407.91042712
DEFILLAMA_001,6,Frax,FRAX,peggedUSD,algorithmic,197049785.69998473,197063678.91497222,193652237.40814805,199396228.59698594
DEFILLAMA_001,339,Re Protocol reUSD,reUSD,peggedUSD,crypto-backed,171747285.98744366,171854223.33510253,172328390.40198955,180016622.81112054
DEFILLAMA_001,306,Gate USD,GUSD,peggedUSD,fiat-backed,165664047.10627156,165701157.66412848,170008174.74573007,157530731.04152727
DEFILLAMA_001,218,River Stablecoin,satUSD,peggedUSD,crypto-backed,158836993.3504054,158829798.25846916,158815245.8418978,158814725.1451959
DEFILLAMA_001,340,rwaUSDi,rwaUSDi,peggedUSD,crypto-backed,155940413.54269898,155940413.54269898,155940413.54269898,155940413.54269898
DEFILLAMA_001,205,Agora Dollar,AUSD,peggedUSD,fiat-backed,155390024.678805,153390376.24218896,153369114.97018838,161486016.91658172
DEFILLAMA_001,343,USAT,USAT,peggedUSD,fiat-backed,152540611.71277964,152540611.71277964,143553001.10771912,49683400.078265384
DEFILLAMA_001,346,Neutrl USD,NUSD,peggedUSD,crypto-backed,149073505.0298182,150536234.18057376,151643390.03152195,169073300.74522784
DEFILLAMA_001,235,Frax USD,FRXUSD,peggedUSD,fiat-backed,138173696.31194815,138168639.93796846,137729245.81947574,133769762.72705238
DEFILLAMA_001,257,OpenEden TBILL,TBILL,peggedUSD,fiat-backed,119008756.22767366,119368787.15899912,119837221.83277275,135630958.05282483
DEFILLAMA_001,316,CASH,CASH,peggedUSD,fiat-backed,117709086.78620897,121388676.40524983,125644489.02099971,123195197.64456281
DEFILLAMA_001,219,Astherus,USDF,peggedUSD,crypto-backed,116195799.53992929,119236142.26836926,118943360.41439766,118069463.04627
DEFILLAMA_001,296,Cap cUSD,CUSD,peggedUSD,crypto-backed,114301645.04406008,113869835.40849662,114728543.29409602,93601008.25186272
DEFILLAMA_001,321,USDH Stablecoin,USDH,peggedUSD,fiat-backed,101728526.44571099,100982792.2235051,103348123.77001981,94492631.19448784
DEFILLAMA_001,252,StandX DUSD,DUSD,peggedUSD,crypto-backed,100523299.33361201,100535392.84271717,100181937.23793057,99224701.49502084
DEFILLAMA_001,284,MNEE USD,MNEE,peggedUSD,fiat-backed,100149482.33592573,100149482.33592573,100994233.0058064,101300191.65256083
DEFILLAMA_001,315,US Permissionless Dollar,USPD,peggedUSD,crypto-backed,98934783.08929051,480271.27563724905,357682.50250667747,320521.3190801695
DEFILLAMA_001,271,Avant USD,avUSD,peggedUSD,fiat-backed,95779246.33194052,98341194.63540184,100283935.62166728,125701797.69497447
DEFILLAMA_001,210,Elixir deUSD,DEUSD,peggedUSD,crypto-backed,92153211.3337797,92153211.3337797,92153211.33377971,92153211.3337797
DEFILLAMA_001,283,Unitas,USDU,peggedUSD,crypto-backed,89518013.81719415,91608503.21728615,91565664.84995408,102290639.84567156
DEFILLAMA_001,332,pmUSD,pmUSD,peggedUSD,crypto-backed,84405286.99747668,84405286.99747668,84405286.99747668,84405286.99747668
DEFILLAMA_001,21,flexUSD,FLEXUSD,peggedUSD,crypto-backed,83677019.0046748,83677019.0046748,83677019.0046748,83677019.0046748
DEFILLAMA_001,15,Dola,DOLA,peggedUSD,crypto-backed,80511693.1697722,80511693.1697722,80511693.1697722,135264096.67000854
DEFILLAMA_001,298,infiniFi USD,IUSD,peggedUSD,crypto-backed,79158957.37408428,79436529.88225447,82041733.05783682,102489845.07903221
DEFILLAMA_001,328,Mustang Finance,MUST,peggedUSD,crypto-backed,77647906.88778687,77647703.15784879,77621280.92501298,77621280.92501298
DEFILLAMA_001,79,Lista USD,LISUSD,peggedUSD,crypto-backed,75895338.90435801,76131893.19290054,76136490.36058965,76141831.64219387
DEFILLAMA_001,373,Sui Dollar,USDSUI,peggedUSD,fiat-backed,75203326.16544244,73121218.73080951,73042658.28473745,36505676.859688334
DEFILLAMA_001,166,Cygnus Finance Global USD,cgUSD,peggedUSD,fiat-backed,75095628.47576962,75095616.52807148,75071693.51502253,74783656.43249115
DEFILLAMA_001,297,Main Street USD,MSUSD,peggedUSD,crypto-backed,74219670.90110993,73159939.46121207,67412263.83856286,46877909.634701915
DEFILLAMA_001,335,JupUSD,JUPUSD,peggedUSD,crypto-backed,59643663.5428878,62344991.672010556,62492470.162253484,79553269.66351195
DEFILLAMA_001,389,CFX MoveUSD,MOVEUSD,peggedUSD,fiat-backed,57793199.23839081,57844060.62092289,,
DEFILLAMA_001,168,fxUSD,fxUSD,peggedUSD,crypto-backed,53891250.08027738,53800154.8161528,36818181.474064745,18065738.863472667
DEFILLAMA_001,290,StraitsX XUSD,XUSD,peggedUSD,fiat-backed,53852458.15323357,53852458.15323357,63850560.20690479,50253141.41391193
DEFILLAMA_001,275,Quantoz USDQ,USDQ,peggedUSD,fiat-backed,52089809.000384,52089809.000384,52089809.000384,52089809.000384
DEFILLAMA_001,348,Fidelity Digital Dollar,FIDD,peggedUSD,fiat-backed,51533207.40014551,51533204.401186906,51533207.40014551,49833797.529574834
DEFILLAMA_001,344,Yuzu USD,YZUSD,peggedUSD,crypto-backed,42672747.94468059,42672747.94468059,37985975.456073426,63170256.84572412
DEFILLAMA_001,11,Pax Dollar,USDP,peggedUSD,fiat-backed,40533716.90407264,40533716.90407264,40533716.90407264,40533716.90729681
DEFILLAMA_001,19,Gemini Dollar,GUSD,peggedUSD,fiat-backed,40046835.22281552,40103302.59652489,40544491.72833628,43559003.87857715
DEFILLAMA_001,4,Binance USD,BUSD,peggedUSD,fiat-backed,39975674.847340025,39975674.847340025,39975674.847340025,39975674.847340025
DEFILLAMA_001,263,Hex Trust USDX,USDX,peggedUSD,fiat-backed,37065640.63605139,37065640.63605139,37065640.63605139,42722477.478388324
DEFILLAMA_001,255,Aegis YUSD,YUSD,peggedUSD,fiat-backed,35860410.73053132,35860410.73053132,35964118.91853133,36408252.31803848
DEFILLAMA_001,269,Liquity BOLD,BOLD,peggedUSD,crypto-backed,35250093.11630899,35096044.18310715,34380218.194327496,31945506.146320764
DEFILLAMA_001,22,sUSD,SUSD,peggedUSD,crypto-backed,34370043.93539278,34395397.97707952,34399830.60870508,34393738.74240189
DEFILLAMA_001,241,OpenDollar USDO,USDO,peggedUSD,fiat-backed,34227928.04807047,34224881.934551686,35431413.20494585,41302577.431132354
DEFILLAMA_001,12,Neutrino USD,USDN,peggedUSD,algorithmic,33507696.535437178,33507696.535437178,33507696.535437178,33507696.722746067
DEFILLAMA_001,67,Bean,BEAN,peggedUSD,algorithmic,33391303.127731,33391303.127731,33391303.127731,33391303.127731
DEFILLAMA_001,256,Resupply USD,REUSD,peggedUSD,crypto-backed,33120889.21773184,32986338.250489805,34650306.08598206,34910046.001397125
DEFILLAMA_001,97,USP Stablecoin,USP,peggedUSD,crypto-backed,32916377.43101591,32916377.43101591,32916377.43101591,32916377.43101591
DEFILLAMA_001,313,Metamask USD,MUSD,peggedUSD,crypto-backed,31304318.638936114,33300911.486059338,31783497.08101116,31717223.02247304
DEFILLAMA_001,303,Mezo USD,MUSD,peggedUSD,crypto-backed,30882585.028232682,23171569.664758965,22365799.93518065,18974572.791993342
DEFILLAMA_001,10,Magic Internet Money,MIM,peggedUSD,crypto-backed,29353033.11459456,29352699.33679389,29357119.59221397,30400238.294590987
DEFILLAMA_001,268,YU,YU,peggedUSD,crypto-backed,29009629.099269867,29009629.099269867,29009629.10423087,28871207.864919487
DEFILLAMA_001,8,Liquity USD,LUSD,peggedUSD,crypto-backed,28643432.483625825,28643432.483625825,28689391.519369457,29266935.05228953
DEFILLAMA_001,326,Metronome Synth USD,MSUSD,peggedUSD,crypto-backed,28490417.356419012,28522713.66013727,29159785.13343555,22361165.457067315
DEFILLAMA_001,230,Noon USN,USN,peggedUSD,crypto-backed,26648583.71092786,26628597.166623786,28073045.54186278,25876226.931242283
DEFILLAMA_001,185,Gyroscope GYD,GYD,peggedUSD,crypto-backed,26558618.801549315,26558618.801549315,26558618.801549315,26558618.801549315
DEFILLAMA_001,154,Bucket Protocol BUCK Stablecoin,BUCK,peggedUSD,crypto-backed,25937061.994789936,25937061.994789936,25938340.945843436,26091559.99226157
DEFILLAMA_001,231,Honey,HONEY,peggedUSD,crypto-backed,24433118.472255643,24591190.692821342,24764245.1820182,25419827.144890398
DEFILLAMA_001,106,Electronic USD,EUSD,peggedUSD,crypto-backed,23764541.053729925,23764541.053729925,23772972.89144718,22800793.122096803
DEFILLAMA_001,305,XSY UTY,UTY,peggedUSD,crypto-backed,20970830.602234863,20970830.602234863,20970830.602234863,20970830.602234863
DEFILLAMA_001,353,GAIB AID,AID,peggedUSD,fiat-backed,18716133.775465485,18311084.113321483,16647965.614376605,17875693.184461057
DEFILLAMA_001,172,USDB Blast,USDB,peggedUSD,crypto-backed,17674246.370242305,18506775.707031082,20978116.98248552,23451751.799910415
DEFILLAMA_001,29,TOR,TOR,peggedUSD,crypto-backed,17070481.490329992,17070481.490329992,17070481.490329992,17070481.490329992
DEFILLAMA_001,331,USP,USP,peggedUSD,crypto-backed,17068015.999797694,17032386.326489925,16952833.05560742,16381472.27693384
DEFILLAMA_001,24,Mento Dollar,USDm,peggedUSD,algorithmic,16205557.718725048,15883746.234491644,16098501.35497357,16771107.480581759
DEFILLAMA_001,302,Hylo HYUSD,HYUSD,peggedUSD,crypto-backed,16142295.140036,16364027.969033,14825753.028734,15529328.990065
DEFILLAMA_001,225,Zoth ZeUSD,ZeUSD,peggedUSD,fiat-backed,13906379.320396064,13906379.320396064,13906379.320396064,13906379.320396064
DEFILLAMA_001,376,eSui Dollar,suiUSDe,peggedUSD,crypto-backed,13889462.422830796,13889462.422830796,13869483.667907057,
DEFILLAMA_001,251,Felix feUSD,FEUSD,peggedUSD,crypto-backed,13583214.552730385,13659056.042418586,13897144.563359102,14959989.517252022
DEFILLAMA_001,307,USD CoinVertible,USDCV,peggedUSD,fiat-backed,12893072.655138822,20155096.34784074,20155096.34784074,26321394.15610267
DEFILLAMA_001,85,Real USD,USDR,peggedUSD,algorithmic,12323883.200730303,12323883.200730303,12323883.200730303,12323883.200730303
DEFILLAMA_001,20,Alchemix USD,ALUSD,peggedUSD,algorithmic,12113437.709153324,12007751.8351347,16708416.184205003,13299453.265468618
DEFILLAMA_001,13,YUSD Stablecoin,YUSD,peggedUSD,crypto-backed,11796308.077860974,11796308.077860974,11796308.077860974,11796308.077860974
DEFILLAMA_001,75,Youves uUSD,UUSD,peggedUSD,crypto-backed,11742449.985132447,11739636.94993323,11733605.754239988,11663764.717445003
DEFILLAMA_001,234,Worldwide USD,WUSD,peggedUSD,fiat-backed,11506051.187640173,11497100.69015949,11483277.144050432,11536706.610963602
DEFILLAMA_001,324,Stable Coin,SBC,peggedUSD,fiat-backed,11466643.937255608,11510137.94497121,15474512.230632218,12336109.888605416
DEFILLAMA_001,214,USDX Money USDX,USDX,peggedUSD,crypto-backed,11163353.70347608,0.0,0.0,0.0
DEFILLAMA_001,312,Hydrated Dollar,HOLLAR,peggedUSD,crypto-backed,11044284.997867806,11030977.458332373,10975593.698152546,11684676.79578713
DEFILLAMA_001,232,Pinto,PINTO,peggedUSD,crypto-backed,10636484.655007,10636689.945749,10637584.727398,10630910.137758
DEFILLAMA_001,242,Hermetica USDh,USDH,peggedUSD,fiat-backed,9553429.83601911,9200731.47905606,9208005.31755554,9045164.34930346
DEFILLAMA_001,63,Fantom USD,FUSD,peggedUSD,crypto-backed,9525632.683210183,9525632.683210183,9525632.683210183,9525632.683210183
DEFILLAMA_001,245,Anzens USDA,USDA,peggedUSD,fiat-backed,9397981.423763191,9547675.421526626,9548695.767588308,9550629.655174775
DEFILLAMA_001,31,SpiceUSD,USDS,peggedUSD,algorithmic,9078316.22546456,9078316.22546456,9078316.22546456,9078316.22546456
DEFILLAMA_001,244,Lift Dollar,USDL,peggedUSD,fiat-backed,9003252.317569753,,,
DEFILLAMA_001,202,Anzen USDz,USDz,peggedUSD,fiat-backed,7901371.641015466,7901371.641015466,7901371.641015466,10354859.105904387
DEFILLAMA_001,17,HUSD,HUSD,peggedUSD,fiat-backed,7773530.2987523,7773530.2987523,7773530.2987523,7773530.2987523
DEFILLAMA_001,183,Bitcoin USD,BtcUSD,peggedUSD,crypto-backed,7636449.138246355,7635145.524192964,7628868.213498809,7603266.4065441415
DEFILLAMA_001,103,NXUSD,NXUSD,peggedUSD,crypto-backed,7601108.71358648,7601108.71358648,7601108.71358648,7644230.426048321
DEFILLAMA_001,253,USBD,USBD,peggedUSD,crypto-backed,7507140.416543117,7507140.416543117,7507150.416543117,7507184.486543117
DEFILLAMA_001,215,Moneta,USDM,peggedUSD,fiat-backed,7316716.770239055,7305097.578105408,7244132.251928711,7396505.906986723
DEFILLAMA_001,240,StablR USD,USDR,peggedUSD,fiat-backed,6965178.152812768,6965178.152812768,6965178.152812768,5965537.449824854
DEFILLAMA_001,327,Mu Digital AZND,AZND,peggedUSD,crypto-backed,6599172.706221243,6599172.706221243,6599172.706221243,8398708.235928755
DEFILLAMA_001,44,dForce USD,USX,peggedUSD,crypto-backed,6528545.884351414,6528545.884351414,6528550.730351843,6529774.471685355
DEFILLAMA_001,282,Noble Dollar,USDN,peggedUSD,fiat-backed,6455214.610465,6454478.577354,7067961.49464,13388041.5909
DEFILLAMA_001,216,Solayer USD,sUSD,peggedUSD,fiat-backed,6168526.915624597,6168671.500210976,6170706.8095437735,6248589.023006426
DEFILLAMA_001,350,Citrea USD,ctUSD,peggedUSD,fiat-backed,6072280.046156,6093577.824805,3969445.934702,2546569.189207
DEFILLAMA_001,42,USDX,USDX,peggedUSD,crypto-backed,5982158.48086053,5983471.2707267925,5985286.187592593,6105611.325971498
DEFILLAMA_001,385,PathUSD,pathUSD,peggedUSD,fiat-backed,5980046.864670055,5980039.366153302,5969204.099428148,
DEFILLAMA_001,23,Origin Dollar,OUSD,peggedUSD,crypto-backed,5453778.0125482185,5452810.441618855,5529047.174233522,6664274.199551165
DEFILLAMA_001,115,R,R,peggedUSD,crypto-backed,5393441.717843231,5393441.717843231,5393441.717843231,5393441.717843231
DEFILLAMA_001,308,Saga Dollar,D,peggedUSD,crypto-backed,5229066.295557277,5230482.922218714,5284190.109903795,549512.1407981077
DEFILLAMA_001,377,Nerona USD,USDnr,peggedUSD,fiat-backed,5142041.293380776,5128681.816808731,11591496.858395489,
DEFILLAMA_001,266,Plume USD,pUSD,peggedUSD,crypto-backed,5126085.71392157,5991068.090652674,6302552.811217532,4274826.467272265
DEFILLAMA_001,304,USDU Finance,USDU,peggedUSD,crypto-backed,5051460.858825805,5051460.858825805,5051460.858825805,5028807.176485753
DEFILLAMA_001,178,Web 3 Dollar,USD3,peggedUSD,crypto-backed,4409667.972290278,4409667.972290278,4298649.88906918,7008092.062542324
DEFILLAMA_001,388,Initia iUSD,iUSD,peggedUSD,crytpo-backed,4404588.884698,4419755.308071,,
DEFILLAMA_001,16,Parrot USD,PAI,peggedUSD,crypto-backed,4223733.377229,4223733.399506,4223733.399506,4223733.402359
DEFILLAMA_001,9,Fei USD,FEI,peggedUSD,algorithmic,3771064.9324321323,3771064.9324321323,3763073.5087512736,3747183.7345999624
DEFILLAMA_001,93,Djed StableCoin,DJED,peggedUSD,algorithmic,3274974.862435811,3274974.862435811,3279653.4336744575,3444815.5675137946
DEFILLAMA_001,26,mStable USD,MUSD,peggedUSD,crypto-backed,3203666.469212087,3203718.698132569,3203719.8329036213,3203916.7938859947
DEFILLAMA_001,197,Resolv USD,USR,peggedUSD,crypto-backed,3176226.073945035,3176226.073945035,6648209.313468167,19488141.557698905
DEFILLAMA_001,60,HomeCoin,HOME,peggedUSD,crypto-backed,3051720.4659156525,3051720.4659156525,3051720.4659156525,3051720.4659156525
DEFILLAMA_001,261,Solomon USDv,USDV,peggedUSD,crypto-backed,3020877.8970983685,3020877.8970983694,3020877.913481514,3019096.8739696057
DEFILLAMA_001,45,aUSD Seed,aSEED,peggedUSD,crypto-backed,2712559.5454500658,2712559.5454500658,2712559.5454500658,2714234.739204513
DEFILLAMA_001,89,XAI,XAI,peggedUSD,crypto-backed,2443703.333846102,2443703.333846102,2443703.333846102,2443703.333846102
DEFILLAMA_001,28,Vai,VAI,peggedUSD,crypto-backed,2404805.749697022,2403597.312572098,2402698.3470660606,2474792.2991159232
DEFILLAMA_001,30,Dollar on Chain,DOC,peggedUSD,crypto-backed,2343120.946925828,2323595.998938706,2305959.4021493723,2430884.598898302
DEFILLAMA_001,356,US Sonic Dollar,USSD,peggedUSD,crypto-backed,2324128.631492761,2323702.366992761,2297527.678154761,2206039.8970519477
DEFILLAMA_001,88,iUSD,IUSD,peggedUSD,crypto-backed,2177535.8281669263,2172578.4251593696,2145334.706079367,2090271.7955941826
DEFILLAMA_001,236,Synnax Stablecoin,syUSD,peggedUSD,crypto-backed,2150642.2905625096,2150642.2905625096,2194476.1997740422,3589569.9539492056
DEFILLAMA_001,155,Glo Dollar,USDGLO,peggedUSD,fiat-backed,2101858.732999334,2057444.1925911345,2061073.3807127776,1829065.7861920563
DEFILLAMA_001,162,XUSD,XUSD,peggedUSD,crypto-backed,2007839.0817846835,2023257.9086605506,2018309.8880386667,2023589.8252933214
DEFILLAMA_001,152,Liquid Loans USDL,USDL,peggedUSD,crypto-backed,1851343.758549989,1859517.7205149801,1881027.1352687161,1940988.6638040252
DEFILLAMA_001,160,Sovryn Dollar,DLLR,peggedUSD,crypto-backed,1723438.0676567329,1723438.0676567329,1850305.9080527842,1880915.893823179
DEFILLAMA_001,386,Western Union USDPT,USDPT,peggedUSD,fiat-backed,1500146.15,146.15,76.15,
DEFILLAMA_001,314,Palm USD,PUSD,peggedUSD,fiat-backed,1497031.6197863286,1497031.6197863286,1497031.6197863286,226913.42690092482
DEFILLAMA_001,70,DigitalDollar,DUSD,peggedUSD,fiat-backed,1485069.4206150067,1485069.4206150067,1485069.4206150067,1485069.4206150067
DEFILLAMA_001,224,dTRINITY USD,dUSD,peggedUSD,crypto-backed,1464321.638703372,1464321.6377052716,1470533.4346931085,1535872.618652256
DEFILLAMA_001,291,Parallel USDp,USDp,peggedUSD,crypto-backed,1429844.1797241475,1440367.9810415765,1506760.539052327,1860637.5717421211
DEFILLAMA_001,132,USDM,USDM,peggedUSD,fiat-backed,1394767.8263521395,1394767.8263521395,1394767.8263521395,1394767.8263521395
DEFILLAMA_001,159,RIF US Dollar,USDRIF,peggedUSD,crypto-backed,1383793.031547818,1383793.031547818,1272724.838872895,1119934.4995435555
DEFILLAMA_001,18,Nexus USD,NUSD,peggedUSD,crypto-backed,1340033.5051601985,1340033.5051601985,1340033.5051601983,1340045.2110795954
DEFILLAMA_001,33,USDP Stablecoin,USDP,peggedUSD,crypto-backed,1327216.3658180924,1327216.3658180924,1327216.3658180924,1327216.3658180924
DEFILLAMA_001,192,USDA,USDA,peggedUSD,crypto-backed,1260287.3215653952,1260260.908287395,1260382.555304195,1433193.8044601206
DEFILLAMA_001,277,SMARDEX USDN,USDN,peggedUSD,crypto-backed,1257837.6500224113,1257016.3600410672,1327804.5692638725,1378056.2066719627
DEFILLAMA_001,65,USDH,USDH,peggedUSD,crypto-backed,1217879.4155067024,1217857.410062636,1217752.2997896948,1217351.7041842584
DEFILLAMA_001,176,Fathom Dollar,FXD,peggedUSD,crypto-backed,1217728.1241589847,1219278.601167543,1232488.1454558,1417328.80915427
DEFILLAMA_001,204,Balanced Dollars,BNUSD,peggedUSD,crypto-backed,979696.4508508744,997060.8637160382,1030088.7148056406,2838499.5964670903
DEFILLAMA_001,322,Last USD,USDXL,peggedUSD,crypto-backed,946815.8140853739,951607.7565547355,984146.5737770788,1127509.9249908752
DEFILLAMA_001,349,Pareto USP,USP,peggedUSD,crypto-backed,849279.2444582562,849289.2444582562,2154054.952682973,3368014.496358074
DEFILLAMA_001,238,Rings scUSD,SCUSD,peggedUSD,crypto-backed,828395.3480777757,830241.1240491027,830499.5119801296,912946.8002406611
DEFILLAMA_001,295,Asymmetry USDaf V2,USDaf,peggedUSD,crypto-backed,732326.7948272742,725003.9878035451,724827.1257886557,1031178.5297069381
DEFILLAMA_001,83,USDW,USDW,peggedUSD,crypto-backed,726785.1404969597,726785.1404969597,726785.1404969597,726785.1404969597
DEFILLAMA_001,54,USN,USN,peggedUSD,algorithmic,713831.5173484662,713831.5173484662,713831.5173484662,713831.5173484662
DEFILLAMA_001,175,PXDC Stablecoin,PXDC,peggedUSD,crypto-backed,706093.6264074947,705845.7701778726,705327.1277899381,692548.0255291879
DEFILLAMA_001,81,USK,USK,peggedUSD,crypto-backed,678201.627218,678201.627218,678201.627218,678201.6272179999
DEFILLAMA_001,341,Pleasing USD,PUSD,peggedUSD,crypto-backed,644376.430278012,644376.430278012,644376.430278012,120000000.0
DEFILLAMA_001,366,Alto DUSD,DUSD,peggedUSD,crypto-backed,642266.6242670069,516989.546582517,519066.2904585542,535581.8957052989
DEFILLAMA_001,171,Lets Get HAI,HAI,peggedUSD,crypto-backed,624607.4033111916,625508.4847585429,630689.4599339569,648028.2262755908
DEFILLAMA_001,46,USD+,USD+,peggedUSD,crypto-backed,622509.2199649999,622507.033347,766737.399188,8362803.584743001
DEFILLAMA_001,32,Sperax USD,USDS,peggedUSD,crypto-backed,618078.3413578464,619204.0709274695,615597.7700219871,658283.216635225
DEFILLAMA_001,125,eUSD (V2),eUSD(v2),peggedUSD,crypto-backed,603603.7822038309,603603.7822038309,603603.7822038309,603603.7822038309
DEFILLAMA_001,78,Note,NOTE,peggedUSD,crypto-backed,600919.413131002,600919.413131002,600919.413131002,600921.0184056726
DEFILLAMA_001,293,Sigma Money bnbUSD,BNBUSD,peggedUSD,crypto-backed,600605.125517998,600605.0636700781,600605.0575652771,625087.4908393974
DEFILLAMA_001,211,Threshold USD,THUSD,peggedUSD,crypto-backed,595272.173279345,595272.173279345,595272.173279345,595272.173279345
DEFILLAMA_001,151,zkUSD Dollar,zkUSD,peggedUSD,crypto-backed,593107.2096114436,593107.2096114436,593107.2096114436,593107.2096114436
DEFILLAMA_001,285,Good Game US Dollar,GGUSD,peggedUSD,crypto-backed,549588.9909833922,550113.9712938825,552668.4314501635,592828.9587179638
DEFILLAMA_001,329,Nectar,NECT,peggedUSD,crypto-backed,539458.8791251257,539658.866220531,544095.1220795802,543731.4291341077
DEFILLAMA_001,229,Level USD,LVLUSD,peggedUSD,crypto-backed,535275.5929657149,535275.5929657149,536952.2649434927,667578.2924261393
DEFILLAMA_001,278,WEUSD,WEUSD,peggedUSD,crypto-backed,504262.47593899997,504286.650452,504036.65864,572043.853963
DEFILLAMA_001,378,USD Somnia,USDso,peggedUSD,fiat-backed,501038.268457,501038.268457,501043.268457,
DEFILLAMA_001,143,Verified USD,USDV,peggedUSD,fiat-backed,470400.68634699995,470400.68634699995,470400.686347,470400.686347
DEFILLAMA_001,72,Kolibri USD,KUSD,peggedUSD,crypto-backed,462163.26764847455,462163.26764847455,462163.26764847455,458133.23462496954
DEFILLAMA_001,92,Meme Dollar,PINA,peggedUSD,algorithmic,459491.4861159875,459491.4861159875,459491.4861159875,459491.4861159875
DEFILLAMA_001,107,Czodiac USD,CZUSD,peggedUSD,crypto-backed,456028.0032342673,456028.0032342673,456028.0032342673,456017.8689120867
DEFILLAMA_001,333,mantraUSD,mantraUSD,peggedUSD,crypto-backed,448560.16298834124,448560.16298834124,448560.16298834124,445753.87539974094
DEFILLAMA_001,180,Bread,BREAD,peggedUSD,crypto-backed,413970.794568406,413979.15607442486,416310.07536788005,420408.9387516991
DEFILLAMA_001,188,Orby USC,USC,peggedUSD,crypto-backed,393301.77890845685,393586.15838180156,408767.9273540256,672497.2892805388
DEFILLAMA_001,116,GRAI,GRAI,peggedUSD,crypto-backed,378546.3436863223,378546.3436863223,378847.4430541526,378847.4430541526
DEFILLAMA_001,43,ZUSD,ZUSD,peggedUSD,fiat-backed,365591.115090755,365617.27198027185,365617.27198027185,365617.27198027185
DEFILLAMA_001,100,Digital Standard Unit,DSU,peggedUSD,crypto-backed,358914.8697706688,358914.8697706688,358920.89484899683,359013.92909306363
DEFILLAMA_001,174,rUSD,rUSD,peggedUSD,crypto-backed,343537.87192298495,357934.8631747652,366923.25192103884,368856.75275514525
DEFILLAMA_001,217,Reservoir Stablecoin,rUSD,peggedUSD,fiat-backed,310726.53071435104,335335.276625494,730630.902264381,2053774.6636861714
DEFILLAMA_001,206,Opus CASH,CASH,peggedUSD,crypto-backed,309588.7980050026,308378.2165392112,307189.48096988077,311333.8815130281
DEFILLAMA_001,64,UXD Stablecoin,UXD,peggedUSD,algorithmic,297335.932941154,297335.9480748017,297336.2520159729,297336.44698948355
DEFILLAMA_001,198,Stable Jack aUSD,aUSD,peggedUSD,crypto-backed,270813.9718833325,270813.9718833325,270531.14995876065,268779.26443610754
DEFILLAMA_001,27,USDK,USDK,peggedUSD,fiat-backed,245829.9929359282,245829.9929359282,245829.9929359282,245829.9929359282
DEFILLAMA_001,126,mkUSD,mkUSD,peggedUSD,crypto-backed,245096.35195943736,245096.35195943736,245096.35195943736,245096.35195943736
DEFILLAMA_001,112,USDT+,USDT+,peggedUSD,crypto-backed,238937.29211948792,238937.29211848654,238975.07425818933,238845.18685529355
DEFILLAMA_001,73,USDtez,USDTZ,peggedUSD,fiat-backed,230355.48298010617,230355.48298010617,230355.48298010617,230355.48298010617
DEFILLAMA_001,58,3USD,3USD,peggedUSD,crypto-backed,227780.24761868178,227780.23817007925,227778.9844178086,227772.58291412686
DEFILLAMA_001,48,BAI Stablecoin,BAI,peggedUSD,crypto-backed,224420.0140362773,224420.0140362773,224420.0140362773,224420.0140362773
DEFILLAMA_001,135,Inter Stable Token,IST,peggedUSD,crypto-backed,222646.55938163132,222646.55938163132,222198.39389630206,516897.9625723122
DEFILLAMA_001,38,STBL,STBL,peggedUSD,crypto-backed,199915.893803,199915.893803,199915.893803,199915.893803
DEFILLAMA_001,248,USDFC,USDFC,peggedUSD,crypto-backed,159991.48407002536,168389.92258994805,139062.9774648609,117832.5143069572
DEFILLAMA_001,227,Legacy BOLD,BOLD,peggedUSD,crypto-backed,154992.6694531301,154992.6694531301,154992.6694531301,156650.20228361574
DEFILLAMA_001,181,Zunami USD,zunUSD,peggedUSD,crypto-backed,152595.1884572843,152595.1884572843,152595.1884572843,152595.1884572843
DEFILLAMA_001,228,Quill USD,USDQ,peggedUSD,crypto-backed,132307.89839452127,132307.89839452127,132307.89839452127,132307.89839452127
DEFILLAMA_001,104,Davos Protocol,DUSD,peggedUSD,crypto-backed,130269.1749371778,130269.1749371778,130269.1749371778,130269.1749371778
DEFILLAMA_001,288,EBUSD,EBUSD,peggedUSD,crypto-backed,129658.62030250495,129658.62030250495,142162.12226249458,246041.81840804254
DEFILLAMA_001,191,bitSmiley USD,bitUSD,peggedUSD,crypto-backed,127516.31453339689,127516.31453339689,127516.31453339689,99234.17774330506
DEFILLAMA_001,164,USDCB,USDCB,peggedUSD,fiat-backed,113279.45229219523,113279.45229219523,113279.45229219523,113279.45229219523
DEFILLAMA_001,59,SigmaUSD,SIGUSD,peggedUSD,algorithmic,104334.93792626406,104334.93792626406,104481.29578345297,105587.59639539698
DEFILLAMA_001,25,Reserve,RSV,peggedUSD,crypto-backed,103673.17221107999,103673.17221107999,103673.17221107999,103673.17221107999
DEFILLAMA_001,233,TheStandard USD,USDS,peggedUSD,crypto-backed,100771.7492615901,100771.7492615901,100771.7492615901,100771.7492615901
DEFILLAMA_001,37,USDJ,USDJ,peggedUSD,crypto-backed,98092.92251520736,98092.92251520736,98466.55890720717,98876.12735929541
DEFILLAMA_001,287,Nerite USND,USND,peggedUSD,crypto-backed,97865.69398047755,99102.63102189827,104683.91233299604,1316320.7633181445
DEFILLAMA_001,109,eUSD,EUSD,peggedUSD,crypto-backed,96871.09861304623,96871.09861304623,96871.09861304623,96871.09861304623
DEFILLAMA_001,311,iAUSD,IAUSD,peggedUSD,crypto-backed,94572.5753744831,94572.5753744831,94572.5753744831,92370.72875692675
DEFILLAMA_001,68,USDLemma,USDL,peggedUSD,algorithmic,88086.25350145712,88086.25350145712,88086.25350145712,88086.25350145712
DEFILLAMA_001,130,Savvy USD,SVUSD,peggedUSD,fiat-backed,87410.43996625344,87410.43996625344,87410.43996625344,87410.43996625344
DEFILLAMA_001,201,HEX Dollar Coin,HEXDC,peggedUSD,crypto-backed,86176.43891002571,86397.06664065932,112579.53489770653,198928.1367209704
DEFILLAMA_001,123,STAR,STAR,peggedUSD,crypto-backed,85444.44496330942,85444.44496330942,85730.22362432763,90095.6807919282
DEFILLAMA_001,142,HYDT,HYDT,peggedUSD,algorithmic,83386.51927894693,83386.51927894693,83386.51927894693,83386.51927894693
DEFILLAMA_001,337,USE,USE,peggedUSD,algorithmic,74223.25498383079,74076.05960316026,74004.56829695677,61333.19013163875
DEFILLAMA_001,34,USD Balance,USDB,peggedUSD,algorithmic,74209.81836828099,74209.81836828099,74209.81836828099,74209.81836828099
DEFILLAMA_001,99,Stabl.fi Cash,CASH,peggedUSD,crypto-backed,70522.09141162992,70522.09141162992,70522.09141162992,70522.09141162992
DEFILLAMA_001,144,High Yield USD,HYUSD,peggedUSD,algorithmic,58795.406002833755,58795.406002833755,58849.65591359888,61186.47873656811
DEFILLAMA_001,243,Coinshift,csUSDL,peggedUSD,crypto-backed,58583.95559300315,58583.95559300315,59426.422798729,61060.08707982602
DEFILLAMA_001,124,peg-eUSD,peUSD,peggedUSD,crypto-backed,54792.11085402375,54792.11085402375,54917.02547496774,55167.23945402737
DEFILLAMA_001,260,VDollar Finance,VUSD,peggedUSD,crypto-backed,52598.54162251971,52598.54162251971,52598.54162251971,55034.0629202165
DEFILLAMA_001,117,Ethos Reserve Note,ERN,peggedUSD,crypto-backed,51853.90565046988,51899.41593303845,51990.43649817558,52400.029041292684
DEFILLAMA_001,264,XBANKING USDE,USDE,peggedUSD,crypto-backed,49147.574013545,49147.574013545,49147.574013545,49147.574013545
DEFILLAMA_001,149,Sable Coin,USDS,peggedUSD,crypto-backed,48923.7116113941,48923.7116113941,48923.7116113941,48923.7116113941
DEFILLAMA_001,71,Vesta Stable,VST,peggedUSD,crypto-backed,42444.795098252755,42444.795098252755,42444.795098252755,126569.93717099141
DEFILLAMA_001,184,Magma Wen,WEN,peggedUSD,crypto-backed,41880.487024831,41880.487024831,41880.487024831,41880.487024831
DEFILLAMA_001,82,arUSD,ARUSD,peggedUSD,crypto-backed,39422.386886686574,39422.386886686574,39422.386886686574,39422.386886686574
DEFILLAMA_001,212,Move Dollar,MOD,peggedUSD,crypto-backed,38587.90846105822,38587.90846105822,38587.90846105822,38587.90846105822
DEFILLAMA_001,57,Hedge USD,USH,peggedUSD,crypto-backed,38371.392895529,38371.392895647,38371.392895647,38371.392904021
DEFILLAMA_001,276,Hyperstable USD,USH,peggedUSD,crypto-backed,35933.440834833,35953.6197061837,36226.29784388941,35143.602445329714
DEFILLAMA_001,148,Mynth MyUSD,MyUSD,peggedUSD,algorithmic,34492.54647958686,34492.54647958686,34492.54647958686,34492.54647958686
DEFILLAMA_001,323,KEI Stablecoin,KEI,peggedUSD,crypto-backed,31780.187495748865,31780.187495748865,28142.40369817231,30092.09532357832
DEFILLAMA_001,74,Moremoney USD,MONEY,peggedUSD,crypto-backed,28739.521086762066,28739.521086762066,28739.521086762066,28739.521086762066
DEFILLAMA_001,374,Phoenix USD,phUSD,peggedUSD,crypto-backed,28736.652442395145,28736.652442395145,28686.05592923974,
DEFILLAMA_001,357,Bytecash,BYC,peggedUSD,crypto-backed,28165.198391369897,27882.55810962717,27290.102550002142,16982.448043789973
DEFILLAMA_001,138,ARYZE eUSD,eUSD,peggedUSD,fiat-backed,26708.003122110596,26708.003122110596,26708.003122110596,26708.202522110598
DEFILLAMA_001,294,NonDollar,USDA+,peggedUSD,crypto-backed,25063.27440376542,26067.145432637546,26062.40584449846,28560.41887931357
DEFILLAMA_001,84,BOB,BOB,peggedUSD,crypto-backed,21413.106441531832,21419.723447432098,21409.15335392115,21443.984360793365
DEFILLAMA_001,90,Redeemable USD,RUSD,peggedUSD,fiat-backed,19467.626943721898,19467.626943721898,19467.626943721898,19467.626943721898
DEFILLAMA_001,177,UNO,UNO,peggedUSD,fiat-backed,19096.640363868846,19096.640363868846,19069.765099193246,18072.26608979827
DEFILLAMA_001,196,Classic USD,USC,peggedUSD,fiat-backed,18875.910620000002,18875.910620000002,18687.69062,18360.68062
DEFILLAMA_001,111,DAI+,DAI+,peggedUSD,crypto-backed,18052.798686721188,18072.748686721192,18072.768911180126,18096.267911180126
DEFILLAMA_001,364,Whale Asset Dollar,WAD,peggedUSD,crypto-backed,17189.640143915807,16874.001059230417,17229.86485549482,8162.975352054919
DEFILLAMA_001,207,Dyad,DYAD,peggedUSD,crypto-backed,16644.631395030392,16644.631395030392,16644.631395030392,16644.631395030392
DEFILLAMA_001,222,Parallel USD,PAUSD,peggedUSD,crypto-backed,14749.951558409995,14749.951558409995,14749.951558409995,14433.753881823804
DEFILLAMA_001,338,Fuse Dollar V3,FUSD,peggedUSD,crypto-backed,13778.891287950855,12986.142425224718,12989.971377371601,11959.404474414574
DEFILLAMA_001,114,CLever USD,clevUSD,peggedUSD,crypto-backed,13640.437161978442,13640.437161978442,13640.437161978442,13640.437161978442
DEFILLAMA_001,267,Mead,MEAD,peggedUSD,crypto-backed,12874.368771265652,12874.368771265652,12874.368771265652,12875.551420325428
DEFILLAMA_001,94,BaoUSD,BAOUSD,peggedUSD,crypto-backed,12668.675064907922,12668.675064907922,12668.675064907922,12668.675064907922
DEFILLAMA_001,96,Coin98 Dollar,CUSD,peggedUSD,crypto-backed,12420.457784990807,12420.457784990807,12420.457784990807,12420.457785321918
DEFILLAMA_001,193,Chi USC,USC,peggedUSD,crypto-backed,11405.698220254704,11405.698220254704,11405.698220254704,10974.785454895415
DEFILLAMA_001,189,btcUSD,btcUSD,peggedUSD,crypto-backed,7403.106178132528,13509.52504069356,13509.52504069356,14846.40273346448
DEFILLAMA_001,169,GAI Stablecoin,GAI,peggedUSD,crypto-backed,7192.666652430198,7192.666652430198,7192.666652430198,7192.666652430198
DEFILLAMA_001,163,PrismaLRT Ultra,ULTRA,peggedUSD,crypto-backed,6496.231746235568,6496.231746235568,6496.231746235568,6496.231746235568
DEFILLAMA_001,301,Jigsaw USD,JUSD,peggedUSD,crypto-backed,6428.882148465599,6428.882148465599,6428.882148465599,6428.882148465599
DEFILLAMA_001,208,Dackie USD,DCKUSD,peggedUSD,algorithmic,5613.07321354179,5613.07321354179,5613.07321354179,5613.07321354179
DEFILLAMA_001,190,Revenue Generating USD,rgUSD,peggedUSD,crypto-backed,5594.148742626232,5594.148742626232,5594.148742626232,9152.52389982091
DEFILLAMA_001,259,Arche Protocol MSD,MSD,peggedUSD,crypto-backed,5443.1766482375015,5443.1766482375015,5443.1766482375015,5443.1766482375015
DEFILLAMA_001,102,Offshift anonUSD,ANONUSD,peggedUSD,algorithmic,5434.016699967165,5434.016699967165,5434.016699967165,5434.016699967165
DEFILLAMA_001,108,Deuterium,d2O,peggedUSD,crypto-backed,5134.575945958684,5134.575945958684,5134.575945958684,5134.575945958684
DEFILLAMA_001,187,KNOX Dollar,KNOX,peggedUSD,crypto-backed,4976.7891805084855,4976.7891805084855,4976.7891805084855,5589.635159622081
DEFILLAMA_001,61,Fixed Income Asset Token,FIAT,peggedUSD,crypto-backed,3826.3440583971415,3826.3440583971415,3826.3440583971415,3826.3440583971415
DEFILLAMA_001,76,Interest Protocol,USDI,peggedUSD,crypto-backed,3503.8179376542807,3503.220983991392,3529.771493996835,3481.5542078059493
DEFILLAMA_001,62,PUSd,PUSD,peggedUSD,crypto-backed,3343.0966699574146,3343.0966699574146,3343.0966699574146,3343.0966699574146
DEFILLAMA_001,273,Asymmetry USDaf,USDaf,peggedUSD,crypto-backed,2821.5506235105213,2821.5506235105213,2960.205741076288,2960.205741076288
DEFILLAMA_001,128,Nexus,NEX,peggedUSD,algorithmic,2607.690755855298,2607.690755855298,2607.690755855298,2607.690755855298
DEFILLAMA_001,265,Orki USD,USDK,peggedUSD,crypto-backed,2553.4334886170254,2761.2186561299723,4988.17605754962,4981.756310756519
DEFILLAMA_001,223,TREN Debt Token,XY,peggedUSD,crypto-backed,2303.402073771998,2303.402073771998,2303.402073771998,2303.402073771998
DEFILLAMA_001,279,Parabol USD,paraUSD,peggedUSD,fiat-backed,2032.2702654027976,2032.2702654027976,2032.2702654027976,2032.2702654027976
DEFILLAMA_001,330,Gaming XP USD,xpUSD,peggedUSD,fiat-backed,2010.5996144231246,2010.5996144231246,2010.5996144231246,12627.072418613325
DEFILLAMA_001,87,USDi,USDI,peggedUSD,crypto-backed,1882.84686160016,1882.84686160016,1882.84686160016,1882.84686160016
DEFILLAMA_001,345,Uncap USD,USDU,peggedUSD,crypto-backed,916.1981775598526,916.1981775598526,916.1981775598526,1581.4736804105796
DEFILLAMA_001,150,USD Stable Colb,SCB,peggedUSD,fiat-backed,413.09671724166316,413.09671724166316,413.09671724166316,413.09671724166316
DEFILLAMA_001,318,litUSD,litUSD,peggedUSD,fiat-backed,254.99949176290164,254.99949176290164,254.99949176290164,99501.4113426168
DEFILLAMA_001,121,PSY,sLSD,peggedUSD,crypto-backed,203.21891086166463,203.21891086166463,203.21891086166463,203.21891086166463
DEFILLAMA_001,134,Phase Dollar,CASH,peggedUSD,fiat-backed,70.61930702095457,70.61930702095457,70.61930702095457,70.61930702095457
DEFILLAMA_001,203,Chad USD,cUSD,peggedUSD,crypto-backed,25.164379931268478,25.164379931268478,25.164379931268478,25.164379931268478
DEFILLAMA_001,320,Rocky USDr,USDR,peggedUSD,crypto-backed,0.7696537787697026,0.7696537787697026,0.7696537787697026,0.8199554893790255
DEFILLAMA_001,375,Monet USDmo,USDMO,peggedUSD,crypto-backed,0.5120205788929587,0.5120205788929587,0.5120205788929587,
DEFILLAMA_001,3,TerraClassicUSD,USTC,peggedUSD,algorithmic,0.0,,,
DEFILLAMA_001,39,VOLT Protocol,VOLT,peggedVAR,algorithmic,,,,
DEFILLAMA_001,40,Rai Reflex Index,RAI,peggedVAR,crypto-backed,,,,
DEFILLAMA_001,41,Float Protocol Float,FLOAT,peggedVAR,algorithmic,,,,
DEFILLAMA_001,49,Euro Tether,EURT,peggedEUR,fiat-backed,,,,
DEFILLAMA_001,50,EURC,EURC,peggedEUR,fiat-backed,,,,
DEFILLAMA_001,51,Stasis Euro,EURS,peggedEUR,fiat-backed,,,,
DEFILLAMA_001,52,Mento Euro,EURm,peggedEUR,algorithmic,,,,
DEFILLAMA_001,53,sEUR,SEUR,peggedEUR,crypto-backed,,,,
DEFILLAMA_001,55,EURA,EURA,peggedEUR,crypto-backed,,,,
DEFILLAMA_001,56,Parallel,PAR,peggedEUR,crypto-backed,,,,
DEFILLAMA_001,66,Frax Price Index,FPI,peggedVAR,algorithmic,,,,
DEFILLAMA_001,91,Iron Bank EURO,IBEUR,peggedEUR,crypto-backed,,,,
DEFILLAMA_001,98,EUROe Stablecoin,EUROe,peggedEUR,fiat-backed,,,,
DEFILLAMA_001,101,Monerium EUR emoney,EURE,peggedEUR,fiat-backed,,,,
DEFILLAMA_001,105,DeFi Franc,DCHF,peggedVAR,crypto-backed,,,,
DEFILLAMA_001,113,SILK,SILK,peggedVAR,crypto-backed,,,,
DEFILLAMA_001,122,GYEN,GYEN,peggedJPY,fiat-backed,,,,
DEFILLAMA_001,127,Alternity CNY,LCNY,peggedCNY,crypto-backed,,,,
DEFILLAMA_001,131,UAHT,UAHT,peggedUAH,fiat-backed,,,,
DEFILLAMA_001,133,NARS,NARS,peggedARS,fiat-backed,,,,
DEFILLAMA_001,137,Collateralized Debt Token,CDT,peggedVAR,crypto-backed,,,,
DEFILLAMA_001,139,ARYZE eEUR,eEUR,peggedEUR,fiat-backed,,,,
DEFILLAMA_001,140,ARYZE eGBP,eGBP,peggedGBP,fiat-backed,,,,
DEFILLAMA_001,145,CAD Coin,CADC,peggedCAD,fiat-backed,,,,
DEFILLAMA_001,147,Anchored Coins AEUR,AEUR,peggedEUR,fiat-backed,,,,
DEFILLAMA_001,157,VNX Swiss Franc,VCHF,peggedCHF,fiat-backed,,,,
DEFILLAMA_001,158,VNX EURO,VEUR,peggedEUR,fiat-backed,,,,
DEFILLAMA_001,161,Quantoz EURD,EURD,peggedEUR,fiat-backed,,,,
DEFILLAMA_001,165,AUDD,AUDD,peggedAUD,fiat-backed,,,,
DEFILLAMA_001,167,Fractional ETH,fETH,peggedVAR,crypto-backed,,,,
DEFILLAMA_001,170,EURO3,EURO3,peggedEUR,crypto-backed,,,,
DEFILLAMA_001,179,CJPY,CJPY,peggedJPY,crypto-backed,,,,
DEFILLAMA_001,182,Zunami ETH,zunETH,peggedVAR,crypto-backed,,,,
DEFILLAMA_001,186,International Stable Currency,ISC,peggedVAR,fiat-backed,,,,
DEFILLAMA_001,199,Mento Real,BRLm,peggedREAL,crypto-backed,,,,
DEFILLAMA_001,200,Hedera Swiss Franc,HCHF,peggedCHF,crypto-backed,,,,
DEFILLAMA_001,226,Frankencoin,ZCHF,peggedCHF,crypto-backed,,,,
DEFILLAMA_001,239,StablR Euro,EURR,peggedEUR,fiat-backed,,,,
DEFILLAMA_001,247,Schuman EUROP,EUROP,peggedEUR,fiat-backed,,,,
DEFILLAMA_001,249,Brazilian Digital,BRZ,peggedREAL,fiat-backed,,,,
DEFILLAMA_001,254,EUR CoinVertible,EURCV,peggedEUR,fiat-backed,,,,
DEFILLAMA_001,258,A7A5,A7A5,peggedRUB,fiat-backed,,,,
DEFILLAMA_001,274,Quantoz EURQ,EURQ,peggedEUR,fiat-backed,,,,
DEFILLAMA_001,280,Tether CNH,CNHT,peggedCNY,fiat-backed,,,,
DEFILLAMA_001,281,Mexican Peso Tether,MXNT,peggedMXN,fiat-backed,,,,
DEFILLAMA_001,289,XSGD,XSGD,peggedSGD,fiat-backed,,,,
DEFILLAMA_001,292,VNX British Pound,VGBP,peggedGBP,fiat-backed,,,,
DEFILLAMA_001,299,PHT Stablecoin,PHT,peggedPHP,crypto-backed,,,,
DEFILLAMA_001,300,Bilira,TRYB,peggedTRY,fiat-backed,,,,
DEFILLAMA_001,317,Tokenised GBP,tGBP,peggedGBP,fiat-backed,,,,
DEFILLAMA_001,319,AllUnity EUR,EURAU,peggedEUR,fiat-backed,,,,
DEFILLAMA_001,325,Eurite,EURI,peggedEUR,fiat-backed,,,,
DEFILLAMA_001,334,Macropod,AUDM,peggedAUD,fiat-backed,,,,
DEFILLAMA_001,351,Tetris Money,RUBT,peggedRUB,fiat-backed,,,,
DEFILLAMA_001,352,BRTH,BRTH,peggedREAL,fiat-backed,,,,
DEFILLAMA_001,355,JPY Coin,JPYC,peggedJPY,fiat-backed,,,,
DEFILLAMA_001,358,Mento British Pound,GBPm,peggedGBP,crypto-backed,,,,
DEFILLAMA_001,359,Mento Philippine Peso,PHPm,peggedPHP,crypto-backed,,,,
DEFILLAMA_001,360,Mento Canadian Dollar,CADm,peggedCAD,crypto-backed,,,,
DEFILLAMA_001,361,Mento Australian Dollar,AUDm,peggedAUD,crypto-backed,,,,
DEFILLAMA_001,362,Mento Colombian Peso,COPm,peggedCOP,crypto-backed,,,,
DEFILLAMA_001,363,Mento Japanese Yen,JPYm,peggedJPY,crypto-backed,,,,
DEFILLAMA_001,365,BRLA Digital,BRLA,peggedREAL,fiat-backed,,,,
DEFILLAMA_001,367,Mento Kenyan Shilling,KESm,peggedKES,crypto-backed,,,,
DEFILLAMA_001,368,Mento South African Rand,ZARm,peggedZAR,crypto-backed,,,,
DEFILLAMA_001,369,Mento Nigerian Naira,NGNm,peggedNGN,crypto-backed,,,,
DEFILLAMA_001,370,Mento Swiss Franc,CHFm,peggedCHF,crypto-backed,,,,
DEFILLAMA_001,371,Mento West African CFA Franc,XOFm,peggedXOF,crypto-backed,,,,
DEFILLAMA_001,372,Mento Ghanaian Cedi,GHSm,peggedGHS,crypto-backed,,,,
DEFILLAMA_001,379,Argentine Peso,WARS,peggedARS,fiat-backed,,,,
DEFILLAMA_001,380,Brazilian Real,WBRL,peggedREAL,fiat-backed,,,,
DEFILLAMA_001,381,Chilean Peso,WCLP,peggedCLP,fiat-backed,,,,
DEFILLAMA_001,382,Colombian Peso,WCOP,peggedCOP,fiat-backed,,,,
DEFILLAMA_001,383,Mexican Peso,WMXN,peggedMXN,fiat-backed,,,,
DEFILLAMA_001,384,Peruvian Sol,WPEN,peggedPEN,fiat-backed,,,,
DEFILLAMA_001,387,CAD Digital,CADD,peggedCAD,fiat-backed,,,,
